------ 2. (по желанию) Пусть имеется таблица accounts содержащая три столбца id, name, password, содержащие первичный ключ, имя пользователя и его пароль. 
------    Создайте представление username таблицы accounts, предоставляющий доступ к столбца id и name. 
------    Создайте пользователя user_read, который бы не имел доступа к таблице accounts, однако, мог бы извлекать записи из представления username.


den@ubuntu-server:~$ mysql
Welcome to the MySQL monitor.  Commands end with ; or \g.
Your MySQL connection id is 20
Server version: 8.0.21-0ubuntu0.20.04.4 (Ubuntu)

Copyright (c) 2000, 2020, Oracle and/or its affiliates. All rights reserved.

Oracle is a registered trademark of Oracle Corporation and/or its
affiliates. Other names may be trademarks of their respective
owners.

Type 'help;' or '\h' for help. Type '\c' to clear the current input statement.

mysql> USE sample;
Reading table information for completion of table and column names
You can turn off this feature to get a quicker startup with -A

Database changed
mysql> CREATE TABLE accounts
    -> (
    ->   id serial,
    ->   name varchar(255),
    ->   password varchar(255)
    -> );
Query OK, 0 rows affected (0.07 sec)

mysql> INSERT INTO accounts (name, password)
    ->   VALUES ('user1', '1111'),
    ->          ('user2', '2222');
Query OK, 2 rows affected (0.03 sec)
Records: 2  Duplicates: 0  Warnings: 0

mysql> CREATE VIEW username AS 
    -> SELECT id,
    ->        name
    ->   FROM accounts;
Query OK, 0 rows affected (0.03 sec)

mysql> select * from username;
+----+-------+
| id | name  |
+----+-------+
|  1 | user1 |
|  2 | user2 |
+----+-------+
2 rows in set (0.01 sec)

mysql> create user user_read identified with sha256_password by 'user1';
Query OK, 0 rows affected (0.03 sec)

mysql> grant usage, select on sample.username to user_read;
Query OK, 0 rows affected (0.01 sec)

mysql> exit;
Bye
den@ubuntu-server:~$ mysql -u user_read -p
Enter password: 
Welcome to the MySQL monitor.  Commands end with ; or \g.
Your MySQL connection id is 22
Server version: 8.0.21-0ubuntu0.20.04.4 (Ubuntu)

Copyright (c) 2000, 2020, Oracle and/or its affiliates. All rights reserved.

Oracle is a registered trademark of Oracle Corporation and/or its
affiliates. Other names may be trademarks of their respective
owners.

Type 'help;' or '\h' for help. Type '\c' to clear the current input statement.

mysql> use sample;
Reading table information for completion of table and column names
You can turn off this feature to get a quicker startup with -A

Database changed
mysql> select * from username;
+----+-------+
| id | name  |
+----+-------+
|  1 | user1 |
|  2 | user2 |
+----+-------+
2 rows in set (0.00 sec)

mysql> select * from accounts;
ERROR 1142 (42000): SELECT command denied to user 'user_read'@'localhost' for table 'accounts'
mysql> exit;
Bye
den@ubuntu-server:~$ 
